-- MySQL dump 10.13  Distrib 5.5.16, for Win32 (x86)
--
-- Host: localhost    Database: vshop
-- ------------------------------------------------------
-- Server version	5.5.16-log

/*!40101 SET @OLD_CHARACTER_SET_CLIENT=@@CHARACTER_SET_CLIENT */;
/*!40101 SET @OLD_CHARACTER_SET_RESULTS=@@CHARACTER_SET_RESULTS */;
/*!40101 SET @OLD_COLLATION_CONNECTION=@@COLLATION_CONNECTION */;
/*!40101 SET NAMES utf8 */;
/*!40103 SET @OLD_TIME_ZONE=@@TIME_ZONE */;
/*!40103 SET TIME_ZONE='+00:00' */;
/*!40014 SET @OLD_UNIQUE_CHECKS=@@UNIQUE_CHECKS, UNIQUE_CHECKS=0 */;
/*!40014 SET @OLD_FOREIGN_KEY_CHECKS=@@FOREIGN_KEY_CHECKS, FOREIGN_KEY_CHECKS=0 */;
/*!40101 SET @OLD_SQL_MODE=@@SQL_MODE, SQL_MODE='NO_AUTO_VALUE_ON_ZERO' */;
/*!40111 SET @OLD_SQL_NOTES=@@SQL_NOTES, SQL_NOTES=0 */;

--
-- Table structure for table `v_admin`
--

DROP TABLE IF EXISTS `v_admin`;
/*!40101 SET @saved_cs_client     = @@character_set_client */;
/*!40101 SET character_set_client = utf8 */;
CREATE TABLE `v_admin` (
  `id` smallint(5) unsigned NOT NULL AUTO_INCREMENT COMMENT 'ç®¡ç†ID',
  `username` varchar(32) NOT NULL COMMENT 'ç®¡ç†å‘˜åç§°',
  `pwd` char(32) NOT NULL COMMENT 'ç®¡ç†å‘˜å¯†ç ',
  `role_id` smallint(5) unsigned NOT NULL DEFAULT '0' COMMENT 'è§’è‰²ID',
  `ip` varchar(32) NOT NULL DEFAULT '' COMMENT 'ç™»å½•ip',
  `login_time` int(11) NOT NULL DEFAULT '0' COMMENT 'ç™»å½•æ—¶é—´',
  `status` enum('0','1') NOT NULL DEFAULT '1' COMMENT 'ç®¡ç†çŠ¶æ€ 0è¡¨ç¤ºç¦ç”¨,1è¡¨ç¤ºå¯ç”¨çŠ¶æ€',
  PRIMARY KEY (`id`)
) ENGINE=MyISAM AUTO_INCREMENT=4 DEFAULT CHARSET=utf8 COMMENT='ç®¡ç†å‘˜';
/*!40101 SET character_set_client = @saved_cs_client */;

--
-- Dumping data for table `v_admin`
--

LOCK TABLES `v_admin` WRITE;
/*!40000 ALTER TABLE `v_admin` DISABLE KEYS */;
INSERT INTO `v_admin` VALUES (1,'admin','21232f297a57a5a743894a0e4a801fc3',0,'127.0.0.1',1425042294,'1'),(2,'joe','202cb962ac59075b964b07152d234b70',6,'127.0.0.1',1423150067,'1'),(3,'lily','202cb962ac59075b964b07152d234b70',8,'127.0.0.1',1423147535,'1');
/*!40000 ALTER TABLE `v_admin` ENABLE KEYS */;
UNLOCK TABLES;

--
-- Table structure for table `v_attr`
--

DROP TABLE IF EXISTS `v_attr`;
/*!40101 SET @saved_cs_client     = @@character_set_client */;
/*!40101 SET character_set_client = utf8 */;
CREATE TABLE `v_attr` (
  `id` mediumint(8) unsigned NOT NULL AUTO_INCREMENT COMMENT 'å±æ€§ID',
  `attr_name` varchar(30) NOT NULL COMMENT 'å±æ€§åç§°',
  `attr_type` enum('å•é€‰','å”¯ä¸€') NOT NULL DEFAULT 'å”¯ä¸€' COMMENT 'å±æ€§ç±»å‹',
  `type_id` mediumint(8) unsigned NOT NULL DEFAULT '0' COMMENT 'ç±»å‹ID',
  `attr_value` varchar(120) NOT NULL DEFAULT '' COMMENT 'å±æ€§å¯é€‰å€¼',
  PRIMARY KEY (`id`)
) ENGINE=MyISAM AUTO_INCREMENT=16 DEFAULT CHARSET=utf8 COMMENT='å±æ€§è¡¨';
/*!40101 SET character_set_client = @saved_cs_client */;

--
-- Dumping data for table `v_attr`
--

LOCK TABLES `v_attr` WRITE;
/*!40000 ALTER TABLE `v_attr` DISABLE KEYS */;
INSERT INTO `v_attr` VALUES (1,'WIFIåŠŸèƒ½','å•é€‰',1,'æ˜¯'),(2,'æ“ä½œç³»ç»Ÿ','å•é€‰',1,'å®‰å“3.1,å®‰å“3.2,å®‰å“3.2'),(3,'æ˜¾ç¤ºå™¨','å•é€‰',2,'19å¯¸,20å¯¸,25å¯¸,32å¯¸35å¯¸,42å¯¸'),(4,'æ™ºèƒ½æ‰‹æœº','å•é€‰',1,'æ˜¯,å¦'),(5,'cpuå‹å·','å•é€‰',1,'é«˜é€š,ä¸‰æ˜Ÿ,æµ·æ€,è”å‘ç§‘'),(6,'cpuæ ¸æ•°','å•é€‰',1,'å•æ ¸,åŒæ ¸,å››æ ¸,å…«æ ¸'),(7,'å•åŒå¡','å•é€‰',1,'å•å¡,åŒå¡'),(8,'ç½‘ç»œåˆ¶å¼','å•é€‰',1,'è”é€š3G,ç§»åŠ¨3G,ç”µä¿¡3G,è”é€š4G,ç§»åŠ¨4G,ç”µä¿¡4G'),(9,'è¿è¡Œå†…å­˜:','å•é€‰',1,'512M,1G,2G,4G'),(10,'æ˜¾å¡ç±»å‹','å”¯ä¸€',2,'ç‹¬ç«‹æ˜¾å¡'),(11,'æ“ä½œç³»ç»Ÿ','å”¯ä¸€',2,'window8'),(12,'ç”µæ± å®¹é‡','å•é€‰',4,'4800mAh,10000mAh,20000mAh'),(13,'é‡é‡','å”¯ä¸€',4,'çº¦232g'),(14,'è¾“å…¥æ¥å£','å”¯ä¸€',4,'æ ‡å‡†Micro USBæ¥å£'),(15,'æè´¨','å”¯ä¸€',4,'ABSæè´¨');
/*!40000 ALTER TABLE `v_attr` ENABLE KEYS */;
UNLOCK TABLES;

--
-- Table structure for table `v_auth`
--

DROP TABLE IF EXISTS `v_auth`;
/*!40101 SET @saved_cs_client     = @@character_set_client */;
/*!40101 SET character_set_client = utf8 */;
CREATE TABLE `v_auth` (
  `id` smallint(5) unsigned NOT NULL AUTO_INCREMENT,
  `name` varchar(32) NOT NULL COMMENT 'æƒé™åç§°',
  `pid` smallint(5) unsigned NOT NULL DEFAULT '0' COMMENT 'ä¸Šçº§æƒé™',
  `module` varchar(32) NOT NULL COMMENT 'æ¨¡å—åç§°',
  `controller` varchar(32) NOT NULL DEFAULT '' COMMENT 'æ§åˆ¶åç§°',
  `action` varchar(32) NOT NULL DEFAULT '' COMMENT 'æ–¹æ³•åç§°',
  `level` smallint(5) unsigned NOT NULL DEFAULT '0' COMMENT 'ç­‰çº§ID',
  PRIMARY KEY (`id`)
) ENGINE=MyISAM AUTO_INCREMENT=50 DEFAULT CHARSET=utf8 COMMENT='æƒé™è¡¨';
/*!40101 SET character_set_client = @saved_cs_client */;

--
-- Dumping data for table `v_auth`
--

LOCK TABLES `v_auth` WRITE;
/*!40000 ALTER TABLE `v_auth` DISABLE KEYS */;
INSERT INTO `v_auth` VALUES (1,'ç®¡ç†å‘˜æ¨¡å—',0,'Admin','','',0),(41,'ç±»å‹æ·»åŠ ',40,'Admin','Type','add',2),(3,'å•†å“æ¨¡å—',0,'Goods','','',0),(4,'å•†å“åˆ—è¡¨',3,'Goods','Goods','lst',1),(5,'æƒé™åˆ—è¡¨',1,'Admin','Auth','lst',1),(6,'è§’è‰²åˆ—è¡¨',1,'Admin','Role','lst',1),(39,'æ·»åŠ ç®¡ç†å‘˜',38,'Admin','Admin','add',2),(40,'ç±»å‹åˆ—è¡¨',3,'Admin','Type','lst',1),(9,'å±æ€§åˆ—è¡¨',3,'Goods','Attr','lst',1),(10,'å±æ€§æ·»åŠ ',9,'Goods','Attr','add',2),(11,'å±æ€§åˆ é™¤',9,'Goods','Attr','lst',2),(12,'å±æ€§ä¿®æ”¹',9,'Goods','Attr','update',2),(13,'å±æ€§å€¼åˆ—è¡¨',3,'Goods','Value','lst',1),(14,'å±æ€§å€¼æ·»åŠ ',13,'Goods','Value','add',2),(15,'å±æ€§å€¼åˆ é™¤',13,'Goods','Value','del',2),(16,'å±æ€§å€¼ä¿®æ”¹',13,'Goods','Value','update',2),(17,'å•†å“åˆ†ç±»åˆ—è¡¨',3,'Goods','Category','lst',1),(18,'åˆ†ç±»æ·»åŠ ',17,'Admin','Category','add',2),(19,'åˆ†ç±»åˆ é™¤',17,'Admin','Category','del',2),(20,'åˆ†ç±»ä¿®æ”¹',17,'Admin','Admin','update',2),(38,'ç®¡ç†å‘˜åˆ—è¡¨',1,'Admin','Admin','lst',1),(42,'ç±»å‹åˆ é™¤',40,'Admin','Type','del',2),(43,'ç±»å‹ä¿®æ”¹',40,'Admin','Type','update',2),(44,'å“ç‰Œåˆ—è¡¨',3,'Admin','Brand','lst',1),(45,'ä¼šå‘˜æ¨¡å—',0,'Admin','','',0),(46,'ä¼šå‘˜ç­‰çº§åˆ—è¡¨',45,'Admin','MemberLevel','lst',1),(47,'ä¼šå‘˜ç­‰çº§æ·»åŠ ',46,'Admin','MemberLevel','add',2),(48,'ä¼šå‘˜ç­‰çº§åˆ é™¤',46,'Admin','MemberLevel','del',2),(49,'ä¼šå‘˜ç­‰çº§ä¿®æ”¹',46,'Admin','MemberLevel','update',2);
/*!40000 ALTER TABLE `v_auth` ENABLE KEYS */;
UNLOCK TABLES;

--
-- Table structure for table `v_brand`
--

DROP TABLE IF EXISTS `v_brand`;
/*!40101 SET @saved_cs_client     = @@character_set_client */;
/*!40101 SET character_set_client = utf8 */;
CREATE TABLE `v_brand` (
  `id` mediumint(8) unsigned NOT NULL AUTO_INCREMENT COMMENT 'å“ç‰ŒID',
  `brand_name` varchar(30) NOT NULL COMMENT 'å“ç‰Œåç§°',
  `logo` varchar(120) NOT NULL DEFAULT '' COMMENT 'å“ç‰ŒLOGO',
  PRIMARY KEY (`id`)
) ENGINE=MyISAM AUTO_INCREMENT=40 DEFAULT CHARSET=utf8 COMMENT='å•†å“å“ç‰Œè¡¨';
/*!40101 SET character_set_client = @saved_cs_client */;

--
-- Dumping data for table `v_brand`
--

LOCK TABLES `v_brand` WRITE;
/*!40000 ALTER TABLE `v_brand` DISABLE KEYS */;
INSERT INTO `v_brand` VALUES (38,'ä¸­å…´','brand/2015-02-12/54dca36dc39cc.jpg'),(39,'è”æƒ³','brand/2015-02-12/54dca3a3a80e0.jpg');
/*!40000 ALTER TABLE `v_brand` ENABLE KEYS */;
UNLOCK TABLES;

--
-- Table structure for table `v_category`
--

DROP TABLE IF EXISTS `v_category`;
/*!40101 SET @saved_cs_client     = @@character_set_client */;
/*!40101 SET character_set_client = utf8 */;
CREATE TABLE `v_category` (
  `id` mediumint(8) unsigned NOT NULL AUTO_INCREMENT COMMENT 'ID',
  `cat_name` varchar(128) NOT NULL COMMENT 'Ãû³Æ',
  `pid` mediumint(8) unsigned NOT NULL DEFAULT '0' COMMENT '¸¸ID',
  `section_price` tinyint(4) NOT NULL DEFAULT '5' COMMENT '¼Û¸ñÇø¼ä',
  `keyword` varchar(300) NOT NULL DEFAULT '' COMMENT '¹Ø¼ü×Ö',
  `desc` text NOT NULL COMMENT 'ÏêÏ¸ÃèÊö',
  `attr_id` varchar(150) NOT NULL DEFAULT '' COMMENT 'ÊôĞÔID',
  `cat_path` varchar(300) NOT NULL DEFAULT '' COMMENT '·ÖÀàÂ·¾¶',
  PRIMARY KEY (`id`)
) ENGINE=MyISAM AUTO_INCREMENT=19 DEFAULT CHARSET=utf8 COMMENT='ÉÌÆ··ÖÀà';
/*!40101 SET character_set_client = @saved_cs_client */;

--
-- Dumping data for table `v_category`
--

LOCK TABLES `v_category` WRITE;
/*!40000 ALTER TABLE `v_category` DISABLE KEYS */;
INSERT INTO `v_category` VALUES (16,'æ‰‹æœº',0,5,'æ‰‹æœº 3Gæ‰‹æœº','æ‰‹æœº','1,2,5,6','0'),(18,'ç§»åŠ¨ç”µæº',0,5,'å……ç”µå® ç§»åŠ¨ç”µæº ç”µæº','å……ç”µå® ç§»åŠ¨ç”µæº ç”µæº','12,13','0');
/*!40000 ALTER TABLE `v_category` ENABLE KEYS */;
UNLOCK TABLES;

--
-- Table structure for table `v_comment`
--

DROP TABLE IF EXISTS `v_comment`;
/*!40101 SET @saved_cs_client     = @@character_set_client */;
/*!40101 SET character_set_client = utf8 */;
CREATE TABLE `v_comment` (
  `id` int(10) unsigned NOT NULL AUTO_INCREMENT COMMENT 'è¯„è®ºID',
  `content` varchar(300) NOT NULL COMMENT 'è¯„è®ºå†…å®¹',
  `goods_id` mediumint(8) unsigned NOT NULL COMMENT 'å•†å“ID',
  `memeber_id` mediumint(8) unsigned NOT NULL COMMENT 'ä¼šå‘˜ID',
  `score` tinyint(3) unsigned NOT NULL DEFAULT '0' COMMENT 'è¯„åˆ†',
  PRIMARY KEY (`id`)
) ENGINE=MyISAM DEFAULT CHARSET=utf8 COMMENT='å•†å“è¯„è®ºè¡¨';
/*!40101 SET character_set_client = @saved_cs_client */;

--
-- Dumping data for table `v_comment`
--

LOCK TABLES `v_comment` WRITE;
/*!40000 ALTER TABLE `v_comment` DISABLE KEYS */;
/*!40000 ALTER TABLE `v_comment` ENABLE KEYS */;
UNLOCK TABLES;

--
-- Table structure for table `v_goods`
--

DROP TABLE IF EXISTS `v_goods`;
/*!40101 SET @saved_cs_client     = @@character_set_client */;
/*!40101 SET character_set_client = utf8 */;
CREATE TABLE `v_goods` (
  `id` mediumint(8) unsigned NOT NULL AUTO_INCREMENT COMMENT 'ID',
  `goods_name` varchar(64) NOT NULL COMMENT 'ÉÌÆ·Ãû³Æ',
  `o_img` varchar(128) NOT NULL DEFAULT '' COMMENT 'ÉÌÆ·Ô­Í¼Æ¬',
  `s_img` varchar(128) NOT NULL DEFAULT '' COMMENT 'ÉÌÆ·Ğ¡Í¼',
  `m_img` varchar(128) NOT NULL DEFAULT '' COMMENT 'ÉÌÆ·ÖĞÍ¼',
  `b_img` varchar(128) NOT NULL DEFAULT '' COMMENT 'ÉÌÆ·´óÍ¼',
  `cat_id` mediumint(8) unsigned NOT NULL DEFAULT '0' COMMENT 'ÉÌÆ··ÖÀàID',
  `brand_id` mediumint(8) unsigned NOT NULL DEFAULT '0' COMMENT 'ÉÌÆ·Æ·ÅÆID',
  `shop_price` decimal(10,2) NOT NULL DEFAULT '0.00' COMMENT '±¾µê¼Û',
  `market_price` decimal(10,2) NOT NULL DEFAULT '0.00' COMMENT 'ÊĞ³¡¼Û',
  `is_on_sale` enum('1','0') NOT NULL DEFAULT '1' COMMENT 'ÊÇ·ñÉÏ¼Û:1 ÉÏ¼Û 0 ·ñ',
  `goods_desc` varchar(300) NOT NULL DEFAULT '' COMMENT 'ÉÌÆ·ÃèÊö',
  `type_id` mediumint(8) unsigned NOT NULL DEFAULT '0' COMMENT 'ÉÌÆ·ÀàĞÍID',
  `rec_id` varchar(300) NOT NULL DEFAULT '' COMMENT 'ÍÆ¼öID',
  PRIMARY KEY (`id`)
) ENGINE=MyISAM AUTO_INCREMENT=30 DEFAULT CHARSET=utf8 COMMENT='ÉÌÆ·±í';
/*!40101 SET character_set_client = @saved_cs_client */;

--
-- Dumping data for table `v_goods`
--

LOCK TABLES `v_goods` WRITE;
/*!40000 ALTER TABLE `v_goods` DISABLE KEYS */;
INSERT INTO `v_goods` VALUES (29,'è”æƒ³10086','Goods/2015-02-27/54f06c306cd42.jpg','Goods/2015-02-27/_s_54f06c306cd42.jpg','Goods/2015-02-27/_m_54f06c306cd42.jpg','Goods/2015-02-27/_b_54f06c306cd42.jpg',16,39,1200.00,1500.00,'1','å¥½æ‰‹æœº',1,''),(28,'è”æƒ³10086','Goods/2015-02-27/54efef4f756f3.jpg','Goods/2015-02-27/_s_54efef4f756f3.jpg','Goods/2015-02-27/_m_54efef4f756f3.jpg','Goods/2015-02-27/_b_54efef4f756f3.jpg',16,39,1200.00,1000.00,'1','å¥½æ‰‹æœº',1,'');
/*!40000 ALTER TABLE `v_goods` ENABLE KEYS */;
UNLOCK TABLES;

--
-- Table structure for table `v_goods_attr`
--

DROP TABLE IF EXISTS `v_goods_attr`;
/*!40101 SET @saved_cs_client     = @@character_set_client */;
/*!40101 SET character_set_client = utf8 */;
CREATE TABLE `v_goods_attr` (
  `id` mediumint(8) unsigned NOT NULL AUTO_INCREMENT COMMENT 'å•†å“å±æ€§ID',
  `attr_id` mediumint(8) unsigned NOT NULL DEFAULT '0' COMMENT 'å±æ€§ID',
  `attr_value` varchar(60) NOT NULL DEFAULT '' COMMENT 'å±æ€§å€¼',
  `goods_id` mediumint(8) unsigned NOT NULL COMMENT 'å•†å“ID',
  `attr_price` decimal(10,2) NOT NULL DEFAULT '0.00' COMMENT 'å±æ€§ä»·æ ¼è¡¨',
  PRIMARY KEY (`id`)
) ENGINE=MyISAM AUTO_INCREMENT=74 DEFAULT CHARSET=utf8 COMMENT='å•†å“å±æ€§è¡¨';
/*!40101 SET character_set_client = @saved_cs_client */;

--
-- Dumping data for table `v_goods_attr`
--

LOCK TABLES `v_goods_attr` WRITE;
/*!40000 ALTER TABLE `v_goods_attr` DISABLE KEYS */;
INSERT INTO `v_goods_attr` VALUES (66,7,'å•å¡',29,1200.00),(65,6,'å•æ ¸',29,1300.00),(64,5,'é«˜é€š',29,1200.00),(63,4,'æ˜¯',29,1200.00),(62,2,'å®‰å“3.1',29,1200.00),(61,1,'æ˜¯',29,1200.00),(60,9,'512M',28,1200.00),(59,8,'è”é€š3G',28,1200.00),(58,7,'å•å¡',28,1200.00),(57,6,'å•æ ¸',28,1200.00),(56,5,'é«˜é€š',28,1200.00),(55,4,'æ˜¯',28,1200.00),(54,2,'å®‰å“3.1',28,1200.00),(53,1,'æ˜¯',28,1200.00),(67,8,'è”é€š3G',29,1200.00),(68,9,'512M',29,1200.00),(69,7,'å•å¡',29,1200.00),(70,6,'å››æ ¸',29,1200.00),(71,2,'å®‰å“3.1',29,1200.00),(72,7,'åŒå¡',29,1200.00),(73,9,'1G',29,1200.00);
/*!40000 ALTER TABLE `v_goods_attr` ENABLE KEYS */;
UNLOCK TABLES;

--
-- Table structure for table `v_goods_number`
--

DROP TABLE IF EXISTS `v_goods_number`;
/*!40101 SET @saved_cs_client     = @@character_set_client */;
/*!40101 SET character_set_client = utf8 */;
CREATE TABLE `v_goods_number` (
  `goods_number` mediumint(8) unsigned NOT NULL DEFAULT '0' COMMENT 'å•†å“åº“å­˜',
  `goods_attr_id` varchar(120) NOT NULL DEFAULT '' COMMENT 'å•†å“å±æ€§ID',
  `goods_id` mediumint(8) unsigned NOT NULL DEFAULT '0' COMMENT 'å•†å“ID'
) ENGINE=MyISAM DEFAULT CHARSET=utf8 COMMENT='å•†å“åº“å­˜è¡¨';
/*!40101 SET character_set_client = @saved_cs_client */;

--
-- Dumping data for table `v_goods_number`
--

LOCK TABLES `v_goods_number` WRITE;
/*!40000 ALTER TABLE `v_goods_number` DISABLE KEYS */;
INSERT INTO `v_goods_number` VALUES (0,'æ˜¯,å®‰å“3.1,æ˜¯,é«˜é€š,å•æ ¸,å•å¡,è”é€š3G,512M',29),(0,'æ˜¯,å®‰å“3.1,æ˜¯,é«˜é€š,å•æ ¸,å•å¡,è”é€š3G,512M',29),(500,'æ˜¯,å®‰å“3.2,æ˜¯,æµ·æ€,å…«æ ¸,åŒå¡,ç”µä¿¡4G,4G',28),(100,'æ˜¯,å®‰å“3.2,å¦,é«˜é€š,å…«æ ¸,åŒå¡,ç”µä¿¡4G,1G',28);
/*!40000 ALTER TABLE `v_goods_number` ENABLE KEYS */;
UNLOCK TABLES;

--
-- Table structure for table `v_hot_sale_goods`
--

DROP TABLE IF EXISTS `v_hot_sale_goods`;
/*!40101 SET @saved_cs_client     = @@character_set_client */;
/*!40101 SET character_set_client = utf8 */;
CREATE TABLE `v_hot_sale_goods` (
  `id` mediumint(8) unsigned NOT NULL AUTO_INCREMENT COMMENT 'çƒ­é”€ID',
  `goods_id` mediumint(8) unsigned NOT NULL COMMENT 'å•†å“ID',
  PRIMARY KEY (`id`)
) ENGINE=MyISAM DEFAULT CHARSET=utf8 COMMENT='çƒ­é”€å•†å“è¡¨';
/*!40101 SET character_set_client = @saved_cs_client */;

--
-- Dumping data for table `v_hot_sale_goods`
--

LOCK TABLES `v_hot_sale_goods` WRITE;
/*!40000 ALTER TABLE `v_hot_sale_goods` DISABLE KEYS */;
/*!40000 ALTER TABLE `v_hot_sale_goods` ENABLE KEYS */;
UNLOCK TABLES;

--
-- Table structure for table `v_member`
--

DROP TABLE IF EXISTS `v_member`;
/*!40101 SET @saved_cs_client     = @@character_set_client */;
/*!40101 SET character_set_client = utf8 */;
CREATE TABLE `v_member` (
  `id` int(10) unsigned NOT NULL AUTO_INCREMENT COMMENT 'ä¼šå‘˜ID',
  `m_name` varchar(32) NOT NULL COMMENT 'ä¼šå‘˜åç§°',
  `pwd` char(32) NOT NULL COMMENT 'ä¼šå‘˜å¯†ç ',
  `m_email` varchar(32) NOT NULL COMMENT 'ä¼šå‘˜é‚®ç®±',
  `token` varchar(32) NOT NULL DEFAULT '' COMMENT 'è´¦å·æ¿€æ´»ç ',
  `token_expire_time` int(11) NOT NULL DEFAULT '0' COMMENT 'è´¦å·æ¿€æ´»ç åˆ°æœŸæ—¶é—´',
  `status` tinyint(3) unsigned DEFAULT '0' COMMENT 'è´¦å·çŠ¶æ€:0è¡¨ç¤ºæœªæ¿€æ´»;1è¡¨ç¤ºå·²ç»æ¿€æ´»',
  `reg_time` int(10) unsigned DEFAULT '0' COMMENT 'æ³¨å†Œæ—¶é—´',
  PRIMARY KEY (`id`)
) ENGINE=MyISAM AUTO_INCREMENT=8 DEFAULT CHARSET=utf8 COMMENT='ä¼šå‘˜è¡¨';
/*!40101 SET character_set_client = @saved_cs_client */;

--
-- Dumping data for table `v_member`
--

LOCK TABLES `v_member` WRITE;
/*!40000 ALTER TABLE `v_member` DISABLE KEYS */;
INSERT INTO `v_member` VALUES (1,'joe1280','ab87036181','4334838@qq.com','1425136016',0,0,0),(2,'joe1280','545','4334838@qq.com','08873cdd',1425136115,0,0),(3,'5989','8989','4334838@qq.com','08945814',1425136325,0,1425049925),(4,'8998','8989','4334838@qq.com','08991c6a',1425136401,0,1425050001),(5,'','','','08bfaac5',1425137018,0,1425050618),(6,'','','','08c1f702',1425137055,0,1425050655),(7,'4545','123','4334838@qq.com','08d9115f',1425137425,0,1425051025);
/*!40000 ALTER TABLE `v_member` ENABLE KEYS */;
UNLOCK TABLES;

--
-- Table structure for table `v_member_level`
--

DROP TABLE IF EXISTS `v_member_level`;
/*!40101 SET @saved_cs_client     = @@character_set_client */;
/*!40101 SET character_set_client = utf8 */;
CREATE TABLE `v_member_level` (
  `id` mediumint(8) unsigned NOT NULL AUTO_INCREMENT COMMENT 'ä¼šå‘˜ç­‰çº§ID',
  `level_name` varchar(20) NOT NULL COMMENT 'ä¼šå‘˜ç­‰çº§åç§°',
  `top` mediumint(8) unsigned NOT NULL DEFAULT '0' COMMENT 'ç§¯åˆ†ä¸Šé™',
  `bottom` mediumint(8) unsigned NOT NULL DEFAULT '0' COMMENT 'ç§¯åˆ†ä¸‹é™',
  `rate` mediumint(8) unsigned NOT NULL DEFAULT '100' COMMENT 'æŠ˜æ‰£ç‡',
  PRIMARY KEY (`id`)
) ENGINE=MyISAM AUTO_INCREMENT=4 DEFAULT CHARSET=utf8 COMMENT='ä¼šå‘˜ç­‰çº§è¡¨';
/*!40101 SET character_set_client = @saved_cs_client */;

--
-- Dumping data for table `v_member_level`
--

LOCK TABLES `v_member_level` WRITE;
/*!40000 ALTER TABLE `v_member_level` DISABLE KEYS */;
INSERT INTO `v_member_level` VALUES (1,'æ™®é€šä¼šå‘˜',0,2000,100),(2,'ä¸­çº§ä¼šå‘˜',2001,5000,90),(3,'é«˜çº§ä¼šå‘˜',2001,25000,100);
/*!40000 ALTER TABLE `v_member_level` ENABLE KEYS */;
UNLOCK TABLES;

--
-- Table structure for table `v_member_price`
--

DROP TABLE IF EXISTS `v_member_price`;
/*!40101 SET @saved_cs_client     = @@character_set_client */;
/*!40101 SET character_set_client = utf8 */;
CREATE TABLE `v_member_price` (
  `id` mediumint(8) unsigned NOT NULL AUTO_INCREMENT COMMENT 'ä¼šå‘˜ä»·æ ¼ID',
  `level_id` tinyint(3) unsigned NOT NULL COMMENT 'ç­‰çº§ID',
  `goods_id` mediumint(8) unsigned NOT NULL COMMENT 'å•†å“ID',
  `price` decimal(10,2) NOT NULL DEFAULT '0.00' COMMENT 'ä¼šå‘˜ä»·æ ¼',
  PRIMARY KEY (`id`)
) ENGINE=MyISAM AUTO_INCREMENT=64 DEFAULT CHARSET=utf8 COMMENT='ä¼šå‘˜ä»·æ ¼è¡¨';
/*!40101 SET character_set_client = @saved_cs_client */;

--
-- Dumping data for table `v_member_price`
--

LOCK TABLES `v_member_price` WRITE;
/*!40000 ALTER TABLE `v_member_price` DISABLE KEYS */;
INSERT INTO `v_member_price` VALUES (60,3,28,26000.00),(59,2,28,900.00),(58,1,28,1000.00),(63,3,29,1200.00),(62,2,29,1100.00),(61,1,29,1000.00);
/*!40000 ALTER TABLE `v_member_price` ENABLE KEYS */;
UNLOCK TABLES;

--
-- Table structure for table `v_pics`
--

DROP TABLE IF EXISTS `v_pics`;
/*!40101 SET @saved_cs_client     = @@character_set_client */;
/*!40101 SET character_set_client = utf8 */;
CREATE TABLE `v_pics` (
  `id` mediumint(8) unsigned NOT NULL AUTO_INCREMENT COMMENT 'å•†å“å›¾ç‰‡è¡¨ID',
  `s_pic` varchar(300) NOT NULL COMMENT 'å°å›¾',
  `m_pic` varchar(300) NOT NULL COMMENT 'ä¸­å›¾',
  `o_pic` varchar(300) NOT NULL COMMENT 'åŸå›¾',
  `goods_id` mediumint(9) NOT NULL DEFAULT '0' COMMENT 'å•†å“ID',
  PRIMARY KEY (`id`)
) ENGINE=MyISAM AUTO_INCREMENT=47 DEFAULT CHARSET=utf8 COMMENT='å•†å“å›¾ç‰‡è¡¨';
/*!40101 SET character_set_client = @saved_cs_client */;

--
-- Dumping data for table `v_pics`
--

LOCK TABLES `v_pics` WRITE;
/*!40000 ALTER TABLE `v_pics` DISABLE KEYS */;
INSERT INTO `v_pics` VALUES (45,'Pics/2015-02-27/_S_54f06c30b95d6.jpg','Pics/2015-02-27/_M_54f06c30b95d6.jpg','Pics/2015-02-27/54f06c30b95d6.jpg',29),(44,'Pics/2015-02-27/_S_54f06c30b8e22.jpg','Pics/2015-02-27/_M_54f06c30b8e22.jpg','Pics/2015-02-27/54f06c30b8e22.jpg',29),(43,'Pics/2015-02-27/_S_54f06c30b812c.jpg','Pics/2015-02-27/_M_54f06c30b812c.jpg','Pics/2015-02-27/54f06c30b812c.jpg',29),(40,'Pics/2015-02-27/_S_54efef4f96237.jpg','Pics/2015-02-27/_M_54efef4f96237.jpg','Pics/2015-02-27/54efef4f96237.jpg',28),(42,'Pics/2015-02-27/_S_54efef4f97239.jpg','Pics/2015-02-27/_M_54efef4f97239.jpg','Pics/2015-02-27/54efef4f97239.jpg',28),(41,'Pics/2015-02-27/_S_54efef4f96a60.jpg','Pics/2015-02-27/_M_54efef4f96a60.jpg','Pics/2015-02-27/54efef4f96a60.jpg',28),(46,'Pics/2015-02-27/_S_54f06c30b9cd9.jpg','Pics/2015-02-27/_M_54f06c30b9cd9.jpg','Pics/2015-02-27/54f06c30b9cd9.jpg',29);
/*!40000 ALTER TABLE `v_pics` ENABLE KEYS */;
UNLOCK TABLES;

--
-- Table structure for table `v_role`
--

DROP TABLE IF EXISTS `v_role`;
/*!40101 SET @saved_cs_client     = @@character_set_client */;
/*!40101 SET character_set_client = utf8 */;
CREATE TABLE `v_role` (
  `id` smallint(5) unsigned NOT NULL AUTO_INCREMENT COMMENT 'è§’è‰²ID',
  `name` varchar(32) NOT NULL COMMENT 'è§’è‰²åå­—',
  `auth_list` varchar(300) NOT NULL DEFAULT '' COMMENT 'æƒé™åˆ—è¡¨',
  `status` enum('0','1') NOT NULL COMMENT 'ç®¡ç†çŠ¶æ€ 0è¡¨ç¤ºç¦ç”¨,1è¡¨ç¤ºå¯ç”¨çŠ¶æ€',
  `add_time` int(10) unsigned NOT NULL COMMENT 'æ·»åŠ æ—¶é—´',
  `update_time` int(10) unsigned NOT NULL COMMENT 'æ›´æ–°æ—¶é—´',
  PRIMARY KEY (`id`)
) ENGINE=MyISAM AUTO_INCREMENT=9 DEFAULT CHARSET=utf8 COMMENT='è§’è‰²è¡¨';
/*!40101 SET character_set_client = @saved_cs_client */;

--
-- Dumping data for table `v_role`
--

LOCK TABLES `v_role` WRITE;
/*!40000 ALTER TABLE `v_role` DISABLE KEYS */;
INSERT INTO `v_role` VALUES (6,'ç»ç†','1,2,8,3,4','0',1423051643,1423150049),(8,'å‘˜å·¥','3,4','0',1423051850,1423145328);
/*!40000 ALTER TABLE `v_role` ENABLE KEYS */;
UNLOCK TABLES;

--
-- Table structure for table `v_type`
--

DROP TABLE IF EXISTS `v_type`;
/*!40101 SET @saved_cs_client     = @@character_set_client */;
/*!40101 SET character_set_client = utf8 */;
CREATE TABLE `v_type` (
  `id` mediumint(8) unsigned NOT NULL AUTO_INCREMENT COMMENT 'ç±»å‹ID',
  `type_name` varchar(30) NOT NULL COMMENT 'ç±»å‹åç§°',
  PRIMARY KEY (`id`)
) ENGINE=MyISAM AUTO_INCREMENT=5 DEFAULT CHARSET=utf8 COMMENT='å•†å“ç±»å‹è¡¨';
/*!40101 SET character_set_client = @saved_cs_client */;

--
-- Dumping data for table `v_type`
--

LOCK TABLES `v_type` WRITE;
/*!40000 ALTER TABLE `v_type` DISABLE KEYS */;
INSERT INTO `v_type` VALUES (1,'æ‰‹æœº'),(2,'ç”µè„‘'),(3,'ç”µå­äº§å“'),(4,'ç§»åŠ¨ç”µæº');
/*!40000 ALTER TABLE `v_type` ENABLE KEYS */;
UNLOCK TABLES;

--
-- Table structure for table `v_value`
--

DROP TABLE IF EXISTS `v_value`;
/*!40101 SET @saved_cs_client     = @@character_set_client */;
/*!40101 SET character_set_client = utf8 */;
CREATE TABLE `v_value` (
  `id` mediumint(8) unsigned NOT NULL AUTO_INCREMENT COMMENT 'å€¼ID',
  `value_name` varchar(50) NOT NULL COMMENT 'å±æ€§å€¼',
  `attr_id` smallint(5) unsigned NOT NULL DEFAULT '0' COMMENT 'å±æ€§ID',
  PRIMARY KEY (`id`)
) ENGINE=MyISAM AUTO_INCREMENT=54 DEFAULT CHARSET=utf8 COMMENT='å•†å“å±æ€§å€¼è¡¨';
/*!40101 SET character_set_client = @saved_cs_client */;

--
-- Dumping data for table `v_value`
--

LOCK TABLES `v_value` WRITE;
/*!40000 ALTER TABLE `v_value` DISABLE KEYS */;
INSERT INTO `v_value` VALUES (1,'å®‰å“2.1',1),(2,'å®‰å“2.2',1),(3,'å®‰å“2.3',1),(4,'å®‰å“4.0',1),(5,'å®‰å“4.1',1),(6,'å®‰å“4.2',1),(7,'å®‰å“4.3',1),(8,'æ˜¯',2),(9,'å¦',2),(10,'500ä¸‡',3),(11,'800ä¸‡',3),(12,'1200ä¸‡',3),(13,'30ä¸‡',4),(14,'80ä¸‡',4),(15,'100ä¸‡',4),(16,'300ä¸‡',4),(17,'500ä¸‡',4),(18,'800ä¸‡',4),(19,'512M',6),(20,'1G',6),(21,'2G',6),(22,'3G',6),(23,'2G',5),(24,'4G',5),(25,'8G',5),(26,'16G',5),(27,'32G',5),(28,'64G',5),(29,'å•å¡',9),(30,'åŒå¡',9),(31,'3.0å¯¸',7),(32,'3.5å¯¸',7),(33,'3.7å¯¸',7),(34,'4.0å¯¸',7),(35,'4.5å¯¸',7),(36,'4.7å¯¸',8),(37,'5.0å¯¸',7),(38,'è”é€š3G',8),(39,'ç§»åŠ¨3G',8),(40,'ç§»åŠ¨4G',8),(41,'è”é€š4G',8),(42,'ç”µä¿¡3G',8),(43,'ç”µä¿¡4G',8),(44,'æ˜¯',10),(45,'å¦',10),(46,'å•æ ¸',12),(47,'åŒæ ¸',12),(48,'å››æ ¸',12),(49,'å…«æ ¸',12),(50,'ä¸‰æ˜Ÿ',11),(51,'é«˜é€š',11),(52,'æµ·æ€',11),(53,'è”å‘ç§‘',11);
/*!40000 ALTER TABLE `v_value` ENABLE KEYS */;
UNLOCK TABLES;
/*!40103 SET TIME_ZONE=@OLD_TIME_ZONE */;

/*!40101 SET SQL_MODE=@OLD_SQL_MODE */;
/*!40014 SET FOREIGN_KEY_CHECKS=@OLD_FOREIGN_KEY_CHECKS */;
/*!40014 SET UNIQUE_CHECKS=@OLD_UNIQUE_CHECKS */;
/*!40101 SET CHARACTER_SET_CLIENT=@OLD_CHARACTER_SET_CLIENT */;
/*!40101 SET CHARACTER_SET_RESULTS=@OLD_CHARACTER_SET_RESULTS */;
/*!40101 SET COLLATION_CONNECTION=@OLD_COLLATION_CONNECTION */;
/*!40111 SET SQL_NOTES=@OLD_SQL_NOTES */;

-- Dump completed on 2015-03-02 12:56:18
